# Host: localhost  (Version 5.5.5-10.1.13-MariaDB)
# Date: 2019-01-28 17:42:07
# Generator: MySQL-Front 6.0  (Build 2.20)


#
# Structure for table "interacoes"
#

DROP TABLE IF EXISTS `interacoes`;
CREATE TABLE `interacoes` (
  `cod_interacao` int(11) NOT NULL AUTO_INCREMENT,
  `assunto` varchar(255) DEFAULT NULL,
  `mensagem` varchar(255) DEFAULT NULL,
  `data_criacao` datetime DEFAULT NULL,
  `remetente` varchar(100) DEFAULT NULL,
  `cod_ticket_padrao_` int(11) DEFAULT NULL,
  PRIMARY KEY (`cod_interacao`),
  KEY `cod_ticket_padrao_` (`cod_ticket_padrao_`),
  CONSTRAINT `interacoes_ibfk_1` FOREIGN KEY (`cod_ticket_padrao_`) REFERENCES `tickets_padrao` (`cod_tickets_padrao`)
) ENGINE=InnoDB AUTO_INCREMENT=246 DEFAULT CHARSET=latin1;

#
# Data for table "interacoes"
#

INSERT INTO `interacoes` VALUES (124,'Assunto','Mensagem','2018-12-24 07:55:34','Customer',411),(125,'Assunto','Mensagem','2019-01-21 05:08:29','Expert',411),(126,'Assunto','Mensagem','2018-12-24 07:55:34','Customer',411),(127,'Assunto','Mensagem','2018-12-21 10:38:45','Customer',412),(128,'Assunto','Mensagem','2019-01-21 05:25:43','Expert',412),(129,'Assunto','Mensagem','2018-12-17 12:20:14','Customer',413),(130,'Assunto','Mensagem','2019-01-21 01:33:40','Expert',413),(131,'Assunto','Mensagem','2018-12-15 05:33:24','Customer',414),(132,'Assunto','Mensagem','2019-01-21 04:09:18','Expert',414),(133,'Assunto','Mensagem','2018-12-15 05:33:24','Customer',414),(134,'Assunto','Mensagem','2018-12-19 06:25:00','Customer',415),(135,'Assunto','Mensagem','2019-01-21 04:10:21','Expert',415),(136,'Assunto','Mensagem','2018-12-08 09:07:19','Customer',416),(137,'Assunto','Mensagem','2019-01-21 05:36:59','Expert',416),(138,'Assunto','Mensagem','2018-12-26 04:15:51','Customer',417),(139,'Assunto','Mensagem','2019-01-21 12:13:10','Expert',417),(140,'Assunto','Mensagem','2018-12-30 06:02:23','Customer',418),(141,'Assunto','Mensagem','2019-01-21 12:47:33','Expert',418),(142,'Assunto','Mensagem','2018-12-30 06:02:23','Customer',418),(143,'Assunto','Mensagem','2018-12-10 06:36:47','Customer',419),(144,'Assunto','Mensagem','2019-01-21 12:05:56','Expert',419),(145,'Assunto','Mensagem','2018-12-08 08:30:27','Customer',420),(146,'Assunto','Mensagem','2019-01-21 02:07:12','Expert',420),(147,'Assunto','Mensagem','2018-12-08 08:30:27','Customer',420),(148,'Assunto','Mensagem','2018-12-20 06:01:29','Customer',421),(149,'Assunto','Mensagem','2019-01-21 10:44:50','Expert',421),(150,'Assunto','Mensagem','2018-12-20 06:01:29','Customer',421),(151,'Assunto','Mensagem','2019-01-01 11:51:49','Customer',422),(152,'Assunto','Mensagem','2019-01-21 02:29:33','Expert',422),(153,'Assunto','Mensagem','2019-01-01 11:51:49','Customer',422),(154,'Assunto','Mensagem','2018-12-20 04:09:51','Customer',423),(155,'Assunto','Mensagem','2019-01-21 04:58:49','Expert',423),(156,'Assunto','Mensagem','2018-12-25 03:41:10','Customer',424),(157,'Assunto','Mensagem','2019-01-21 04:35:05','Expert',424),(158,'Assunto','Mensagem','2018-12-25 03:41:10','Customer',424),(159,'Assunto','Mensagem','2018-12-03 07:14:15','Customer',425),(160,'Assunto','Mensagem','2019-01-21 06:56:38','Expert',425),(161,'Assunto','Mensagem','2018-12-03 07:14:15','Customer',425),(162,'Assunto','Mensagem','2018-12-04 06:50:56','Customer',426),(163,'Assunto','Mensagem','2019-01-21 06:50:42','Expert',426),(164,'Assunto','Mensagem','2018-12-17 02:27:22','Customer',427),(165,'Assunto','Mensagem','2019-01-21 12:32:57','Expert',427),(166,'Assunto','Mensagem','2018-12-24 03:56:27','Customer',428),(167,'Assunto','Mensagem','2019-01-21 06:37:17','Expert',428),(168,'Assunto','Mensagem','2018-12-25 10:37:45','Customer',429),(169,'Assunto','Mensagem','2019-01-21 02:24:29','Expert',429),(170,'Assunto','Mensagem','2019-01-04 02:17:11','Customer',430),(171,'Assunto','Mensagem','2019-01-21 05:59:49','Expert',430),(172,'Assunto','Mensagem','2018-12-27 09:00:01','Customer',431),(173,'Assunto','Mensagem','2019-01-21 10:03:36','Expert',431),(174,'Assunto','Mensagem','2018-12-06 04:43:34','Customer',432),(175,'Assunto','Mensagem','2019-01-21 08:38:15','Expert',432),(176,'Assunto','Mensagem','2018-12-29 04:26:41','Customer',433),(177,'Assunto','Mensagem','2019-01-21 10:15:45','Expert',433),(178,'Assunto','Mensagem','2018-12-10 02:02:38','Customer',434),(179,'Assunto','Mensagem','2019-01-21 08:54:49','Expert',434),(180,'Assunto','Mensagem','2018-12-10 02:02:38','Customer',434),(181,'Assunto','Mensagem','2018-12-03 04:13:53','Customer',435),(182,'Assunto','Mensagem','2019-01-21 12:39:23','Expert',435),(183,'Assunto','Mensagem','2018-12-03 04:13:53','Customer',435),(184,'Assunto','Mensagem','2018-12-19 06:23:20','Customer',436),(185,'Assunto','Mensagem','2019-01-21 05:24:46','Expert',436),(186,'Assunto','Mensagem','2018-12-19 06:23:20','Customer',436),(187,'Assunto','Mensagem','2019-01-02 07:37:01','Customer',437),(188,'Assunto','Mensagem','2019-01-21 07:26:03','Expert',437),(189,'Assunto','Mensagem','2019-01-02 07:37:01','Customer',437),(190,'Assunto','Mensagem','2018-12-17 12:57:41','Customer',438),(191,'Assunto','Mensagem','2019-01-21 01:11:10','Expert',438),(192,'Assunto','Mensagem','2018-12-11 10:46:25','Customer',439),(193,'Assunto','Mensagem','2019-01-21 01:56:15','Expert',439),(194,'Assunto','Mensagem','2018-12-21 02:39:51','Customer',440),(195,'Assunto','Mensagem','2019-01-21 04:51:02','Expert',440),(196,'Assunto','Mensagem','2018-12-18 03:40:53','Customer',441),(197,'Assunto','Mensagem','2019-01-21 02:19:12','Expert',441),(198,'Assunto','Mensagem','2019-01-03 07:38:29','Customer',442),(199,'Assunto','Mensagem','2019-01-21 02:07:49','Expert',442),(200,'Assunto','Mensagem','2019-01-03 06:21:09','Customer',443),(201,'Assunto','Mensagem','2019-01-21 08:57:34','Expert',443),(202,'Assunto','Mensagem','2019-01-03 06:21:09','Customer',443),(203,'Assunto','Mensagem','2018-12-29 12:59:04','Customer',444),(204,'Assunto','Mensagem','2019-01-21 01:19:06','Expert',444),(205,'Assunto','Mensagem','2018-12-29 12:59:04','Customer',444),(206,'Assunto','Mensagem','2018-12-06 07:17:51','Customer',445),(207,'Assunto','Mensagem','2019-01-21 07:50:28','Expert',445),(208,'Assunto','Mensagem','2018-12-06 07:17:51','Customer',445),(209,'Assunto','Mensagem','2018-12-01 10:36:41','Customer',446),(210,'Assunto','Mensagem','2019-01-21 02:50:55','Expert',446),(211,'Assunto','Mensagem','2018-12-10 10:31:34','Customer',447),(212,'Assunto','Mensagem','2019-01-21 03:01:10','Expert',447),(213,'Assunto','Mensagem','2018-12-17 02:01:01','Customer',448),(214,'Assunto','Mensagem','2019-01-21 10:50:35','Expert',448),(215,'Assunto','Mensagem','2018-12-17 02:01:01','Customer',448),(216,'Assunto','Mensagem','2018-12-13 12:06:40','Customer',449),(217,'Assunto','Mensagem','2019-01-21 12:17:37','Expert',449),(218,'Assunto','Mensagem','2018-12-13 12:06:40','Customer',449),(219,'Assunto','Mensagem','2018-12-05 12:43:06','Customer',450),(220,'Assunto','Mensagem','2019-01-21 09:59:30','Expert',450),(221,'Assunto','Mensagem','2019-01-04 03:10:18','Customer',451),(222,'Assunto','Mensagem','2019-01-21 10:12:14','Expert',451),(223,'Assunto','Mensagem','2019-01-02 11:38:10','Customer',452),(224,'Assunto','Mensagem','2019-01-21 06:32:11','Expert',452),(225,'Assunto','Mensagem','2018-12-17 04:15:05','Customer',453),(226,'Assunto','Mensagem','2019-01-21 01:41:22','Expert',453),(227,'Assunto','Mensagem','2018-12-08 10:33:56','Customer',454),(228,'Assunto','Mensagem','2019-01-21 05:39:28','Expert',454),(229,'Assunto','Mensagem','2018-12-12 04:09:43','Customer',455),(230,'Assunto','Mensagem','2019-01-21 01:46:10','Expert',455),(231,'Assunto','Mensagem','2018-12-12 04:09:43','Customer',455),(232,'Assunto','Mensagem','2018-12-03 04:43:57','Customer',456),(233,'Assunto','Mensagem','2019-01-21 01:48:44','Expert',456),(234,'Assunto','Mensagem','2018-12-30 09:29:25','Customer',457),(235,'Assunto','Mensagem','2019-01-21 06:11:51','Expert',457),(236,'Assunto','Mensagem','2018-12-30 09:29:25','Customer',457),(237,'Assunto','Mensagem','2018-12-06 01:00:54','Customer',458),(238,'Assunto','Mensagem','2019-01-21 09:52:12','Expert',458),(239,'Assunto','Mensagem','2018-12-06 01:00:54','Customer',458),(240,'Assunto','Mensagem','2018-12-27 06:23:24','Customer',459),(241,'Assunto','Mensagem','2019-01-21 06:10:58','Expert',459),(242,'Assunto','Mensagem','2018-12-27 06:23:24','Customer',459),(243,'Assunto','Mensagem','2018-12-22 05:44:00','Customer',460),(244,'Assunto','Mensagem','2019-01-21 04:42:10','Expert',460),(245,'Assunto','Mensagem','2018-12-22 05:44:00','Customer',460);

#
# Structure for table "tickets_padrao"
#

DROP TABLE IF EXISTS `tickets_padrao`;
CREATE TABLE `tickets_padrao` (
  `cod_tickets_padrao` int(11) NOT NULL AUTO_INCREMENT,
  `cod_ticket` int(11) DEFAULT NULL,
  `categoria_id` int(11) DEFAULT NULL,
  `customerId` int(11) DEFAULT NULL,
  `nome_cliente` varchar(150) DEFAULT NULL,
  `email_cliente` varchar(150) DEFAULT NULL,
  `data_criacao` datetime DEFAULT NULL,
  `data_update` datetime DEFAULT NULL,
  `prioridade` varchar(20) DEFAULT NULL,
  `data_atualizacao_ticket_prioridade` datetime DEFAULT NULL,
  `causa_prioridade_ticket` varchar(255) DEFAULT NULL,
  PRIMARY KEY (`cod_tickets_padrao`)
) ENGINE=InnoDB AUTO_INCREMENT=461 DEFAULT CHARSET=latin1;

#
# Data for table "tickets_padrao"
#

INSERT INTO `tickets_padrao` VALUES (411,28890,20458,97999,'Kirby Ferguson','kirby.ferguson@neoassist.com','2018-12-24 07:55:34','2019-01-21 05:08:29',NULL,NULL,NULL),(412,28891,69121,97951,'Rush Molina','rush.molina@neoassist.com','2018-12-21 10:38:45','2019-01-21 05:25:43',NULL,NULL,NULL),(413,28892,52544,97914,'Nola Vance','nola.vance@neoassist.com','2018-12-17 12:20:14','2019-01-21 01:33:40',NULL,NULL,NULL),(414,28893,19107,97996,'Lacy Mosley','lacy.mosley@neoassist.com','2018-12-15 05:33:24','2019-01-21 04:09:18',NULL,NULL,NULL),(415,28894,65931,97908,'Ada Hood','ada.hood@neoassist.com','2018-12-19 06:25:00','2019-01-21 04:10:21',NULL,NULL,NULL),(416,28895,33404,97923,'Silvia Matthews','silvia.matthews@neoassist.com','2018-12-08 09:07:19','2019-01-21 05:36:59',NULL,NULL,NULL),(417,28896,56093,97892,'Day Fuentes','day.fuentes@neoassist.com','2018-12-26 04:15:51','2019-01-21 12:13:10',NULL,NULL,NULL),(418,28897,8905,97977,'Linda Bonner','linda.bonner@neoassist.com','2018-12-30 06:02:23','2019-01-21 12:47:33',NULL,NULL,NULL),(419,28898,37879,97966,'Tisha Hawkins','tisha.hawkins@neoassist.com','2018-12-10 06:36:47','2019-01-21 12:05:56',NULL,NULL,NULL),(420,28899,10523,97975,'Rosella Woodard','rosella.woodard@neoassist.com','2018-12-08 08:30:27','2019-01-21 02:07:12',NULL,NULL,NULL),(421,288910,7224,97957,'Hart Gates','hart.gates@neoassist.com','2018-12-20 06:01:29','2019-01-21 10:44:50',NULL,NULL,NULL),(422,288911,24644,97922,'Tracie Wade','tracie.wade@neoassist.com','2019-01-01 11:51:49','2019-01-21 02:29:33','Alta','2019-01-28 00:00:00','Consumidor insatisfeito com produto ou serviço'),(423,288912,67155,97962,'Rivas Walls','rivas.walls@neoassist.com','2018-12-20 04:09:51','2019-01-21 04:58:49',NULL,NULL,NULL),(424,288913,17006,97905,'Andrea Russell','andrea.russell@neoassist.com','2018-12-25 03:41:10','2019-01-21 04:35:05',NULL,NULL,NULL),(425,288914,15866,97906,'Santana Cole','santana.cole@neoassist.com','2018-12-03 07:14:15','2019-01-21 06:56:38',NULL,NULL,NULL),(426,288915,36504,97964,'Phelps Pollard','phelps.pollard@neoassist.com','2018-12-04 06:50:56','2019-01-21 06:50:42',NULL,NULL,NULL),(427,288916,31646,97985,'Mable Terrell','mable.terrell@neoassist.com','2018-12-17 02:27:22','2019-01-21 12:32:57',NULL,NULL,NULL),(428,288917,68938,97902,'Williamson Gardner','williamson.gardner@neoassist.com','2018-12-24 03:56:27','2019-01-21 06:37:17',NULL,NULL,NULL),(429,288918,59181,97903,'Edith Stone','edith.stone@neoassist.com','2018-12-25 10:37:45','2019-01-21 02:24:29',NULL,NULL,NULL),(430,288919,32769,97992,'Cynthia Moses','cynthia.moses@neoassist.com','2019-01-04 02:17:11','2019-01-21 05:59:49',NULL,NULL,NULL),(431,288920,11366,97976,'Wells Downs','wells.downs@neoassist.com','2018-12-27 09:00:01','2019-01-21 10:03:36',NULL,NULL,NULL),(432,288921,58009,97994,'Craft Hansen','craft.hansen@neoassist.com','2018-12-06 04:43:34','2019-01-21 08:38:15',NULL,NULL,NULL),(433,288922,11200,97952,'Lilia Bird','lilia.bird@neoassist.com','2018-12-29 04:26:41','2019-01-21 10:15:45',NULL,NULL,NULL),(434,288923,28745,97950,'Mcfarland Gonzales','mcfarland.gonzales@neoassist.com','2018-12-10 02:02:38','2019-01-21 08:54:49',NULL,NULL,NULL),(435,288924,65738,97958,'Mcgowan Farley','mcgowan.farley@neoassist.com','2018-12-03 04:13:53','2019-01-21 12:39:23',NULL,NULL,NULL),(436,288925,37243,97930,'Juliana Roberson','juliana.roberson@neoassist.com','2018-12-19 06:23:20','2019-01-21 05:24:46',NULL,NULL,NULL),(437,288926,52660,97926,'Jeanne Lyons','jeanne.lyons@neoassist.com','2019-01-02 07:37:01','2019-01-21 07:26:03','Normal','2019-01-28 00:00:00','Consumidor insatisfeito com produto ou serviço'),(438,288927,38868,97963,'Sandoval Bradshaw','sandoval.bradshaw@neoassist.com','2018-12-17 12:57:41','2019-01-21 01:11:10',NULL,NULL,NULL),(439,288928,54291,97941,'Roberts Oneill','roberts.oneill@neoassist.com','2018-12-11 10:46:25','2019-01-21 01:56:15',NULL,NULL,NULL),(440,288929,27763,97930,'Cameron Velasquez','cameron.velasquez@neoassist.com','2018-12-21 02:39:51','2019-01-21 04:51:02',NULL,NULL,NULL),(441,288930,30776,97997,'Robinson Davidson','robinson.davidson@neoassist.com','2018-12-18 03:40:53','2019-01-21 02:19:12',NULL,NULL,NULL),(442,288931,36618,97993,'Allen Park','allen.park@neoassist.com','2019-01-03 07:38:29','2019-01-21 02:07:49',NULL,NULL,NULL),(443,288932,57977,97991,'Cherry Mercer','cherry.mercer@neoassist.com','2019-01-03 06:21:09','2019-01-21 08:57:34',NULL,NULL,NULL),(444,288933,62838,97985,'Maura Nicholson','maura.nicholson@neoassist.com','2018-12-29 12:59:04','2019-01-21 01:19:06',NULL,NULL,NULL),(445,288934,33898,97969,'Dee Miranda','dee.miranda@neoassist.com','2018-12-06 07:17:51','2019-01-21 07:50:28',NULL,NULL,NULL),(446,288935,8551,97970,'Alyssa Duffy','alyssa.duffy@neoassist.com','2018-12-01 10:36:41','2019-01-21 02:50:55',NULL,NULL,NULL),(447,288936,66408,97994,'Jackie Spence','jackie.spence@neoassist.com','2018-12-10 10:31:34','2019-01-21 03:01:10',NULL,NULL,NULL),(448,288937,67029,97974,'Mercedes Huber','mercedes.huber@neoassist.com','2018-12-17 02:01:01','2019-01-21 10:50:35',NULL,NULL,NULL),(449,288938,34681,97901,'Tillman Stanton','tillman.stanton@neoassist.com','2018-12-13 12:06:40','2019-01-21 12:17:37',NULL,NULL,NULL),(450,288939,52180,97917,'Wood Travis','wood.travis@neoassist.com','2018-12-05 12:43:06','2019-01-21 09:59:30',NULL,NULL,NULL),(451,288940,61637,97962,'Castaneda Hill','castaneda.hill@neoassist.com','2019-01-04 03:10:18','2019-01-21 10:12:14',NULL,NULL,NULL),(452,288941,12021,97902,'Blair Robinson','blair.robinson@neoassist.com','2019-01-02 11:38:10','2019-01-21 06:32:11','Normal','2019-01-28 00:00:00','Consumidor não demonstra irritação'),(453,288942,55703,97926,'Galloway Peck','galloway.peck@neoassist.com','2018-12-17 04:15:05','2019-01-21 01:41:22',NULL,NULL,NULL),(454,288943,58288,97998,'Carver Salazar','carver.salazar@neoassist.com','2018-12-08 10:33:56','2019-01-21 05:39:28',NULL,NULL,NULL),(455,288944,8376,97984,'Kay Klein','kay.klein@neoassist.com','2018-12-12 04:09:43','2019-01-21 01:46:10',NULL,NULL,NULL),(456,288945,39416,97929,'Lena Rogers','lena.rogers@neoassist.com','2018-12-03 04:43:57','2019-01-21 01:48:44',NULL,NULL,NULL),(457,288946,21376,97954,'Dena Waters','dena.waters@neoassist.com','2018-12-30 09:29:25','2019-01-21 06:11:51',NULL,NULL,NULL),(458,288947,61638,97985,'Vicki Jacobson','vicki.jacobson@neoassist.com','2018-12-06 01:00:54','2019-01-21 09:52:12',NULL,NULL,NULL),(459,288948,58026,97956,'Bettye Morin','bettye.morin@neoassist.com','2018-12-27 06:23:24','2019-01-21 06:10:58',NULL,NULL,NULL),(460,288949,25809,97960,'Adela Sears','adela.sears@neoassist.com','2018-12-22 05:44:00','2019-01-21 04:42:10',NULL,NULL,NULL);

#
# Structure for table "historico_tickets_prioridade"
#

DROP TABLE IF EXISTS `historico_tickets_prioridade`;
CREATE TABLE `historico_tickets_prioridade` (
  `cod_historico` int(11) NOT NULL AUTO_INCREMENT,
  `data_historico` datetime DEFAULT NULL,
  `cod_ticket` int(11) DEFAULT NULL,
  `prioridade` varchar(20) DEFAULT NULL,
  `assunto_prioridade` varchar(200) DEFAULT NULL,
  PRIMARY KEY (`cod_historico`),
  KEY `cod_ticket` (`cod_ticket`),
  CONSTRAINT `historico_tickets_prioridade_ibfk_1` FOREIGN KEY (`cod_ticket`) REFERENCES `tickets_padrao` (`cod_tickets_padrao`)
) ENGINE=InnoDB AUTO_INCREMENT=6 DEFAULT CHARSET=latin1;

#
# Data for table "historico_tickets_prioridade"
#

INSERT INTO `historico_tickets_prioridade` VALUES (1,'2019-01-25 00:00:00',422,'Alta','2_alta'),(2,'2019-01-28 00:00:00',422,'Alta','Consumidor insatisfeito com produto ou serviço'),(3,'2019-01-28 00:00:00',437,'Normal','Consumidor insatisfeito com produto ou serviço'),(4,'2019-01-28 00:00:00',452,'Alta','Prazo de resolução do ticket alta'),(5,'2019-01-28 00:00:00',452,'Normal','Consumidor não demonstra irritação');
